id,name,email,city,address,date_of_birth,created_at,updated_at
1,Freddy Predovic,grant@jastgerhold.info,Wuckertside,6858 Strosin Meadow,1955-09-25,2017-12-26 11:33:50 UTC,2017-12-26 11:33:50 UTC
2,Carolanne Roberts,makayla.haley@bartolettischmeler.name,Muellertown,39547 Cathryn Orchard,1974-12-08,2017-12-26 11:33:51 UTC,2017-12-26 11:33:51 UTC
3,Americo Torphy DDS,nona@goldner.name,Port Paolomouth,9317 Morgan Villages,1940-10-13,2017-12-26 11:33:52 UTC,2017-12-26 11:33:52 UTC
4,Jevon Crist,maiya.hyatt@kuphalmarquardt.name,Garrickbury,5706 Wisoky Highway,1992-01-27,2017-12-26 11:33:54 UTC,2017-12-26 11:33:54 UTC
5,Mrs. Antonina Bashirian,aron@kihnhackett.name,Port Thomasport,64972 Mertz Gateway,1952-08-10,2017-12-26 11:33:55 UTC,2017-12-26 11:33:55 UTC
6,Vince Wyman V,cody@langworthgraham.info,North Emmanuelle,1542 Heller Parks,1978-04-12,2017-12-26 11:33:57 UTC,2017-12-26 11:33:57 UTC
7,Justus O'Keefe,eveline@lynch.co,North Maximillianchester,14022 Demetrius Highway,1991-09-01,2017-12-26 11:33:58 UTC,2017-12-26 11:33:58 UTC
8,Sally Streich,geoffrey_shanahan@sipesgerlach.net,Kaileeland,116 Keven Cove,1984-07-24,2017-12-26 11:34:00 UTC,2017-12-26 11:34:00 UTC
9,Yvette Nader,ro_berge@daughertydouglas.co,East Kristinamouth,426 Clyde Dam,1978-04-07,2017-12-26 11:34:01 UTC,2017-12-26 11:34:01 UTC
10,Lauren Harvey MD,soledad.adams@mraz.name,South Vivienmouth,47418 Gutkowski Crescent,1976-10-31,2017-12-26 11:34:03 UTC,2017-12-26 11:34:03 UTC
11,Missouri Okuneva,laron@schneider.io,Kovacekstad,9467 Simonis Path,1935-07-11,2017-12-26 11:34:04 UTC,2017-12-26 11:34:04 UTC
12,Gardner Nikolaus,porter_breitenberg@quitzonbayer.net,South Izabellafort,9506 Easton Harbors,1937-03-25,2017-12-26 11:34:05 UTC,2017-12-26 11:34:05 UTC
13,Ms. Bailee Jacobs,alycia_kihn@ohara.io,Lewside,990 Schuyler Harbor,1967-08-09,2017-12-26 11:34:07 UTC,2017-12-26 11:34:07 UTC
14,Laverna Gerlach,kareem@mosciski.com,Chaddberg,4917 O'Keefe Brook,1988-03-06,2017-12-26 11:34:09 UTC,2017-12-26 11:34:09 UTC
15,Mrs. Mozell Thiel,alivia_rempel@fadelyost.net,Kurtisfort,3341 Aiden Mountains,1945-01-01,2017-12-26 11:34:10 UTC,2017-12-26 11:34:10 UTC
16,Rebeca West,audie.heller@okon.biz,West Sven,4558 Jessie Glens,1952-06-05,2017-12-26 11:34:12 UTC,2017-12-26 11:34:12 UTC
17,Landen Gleichner,tara.rogahn@mitchell.com,Watsicafurt,476 Quigley Wall,1946-02-11,2017-12-26 11:34:13 UTC,2017-12-26 11:34:13 UTC
18,Mrs. Carolyn Olson,kacey@conroy.org,Caletown,178 Homenick Knolls,1936-12-31,2017-12-26 11:34:15 UTC,2017-12-26 11:34:15 UTC
19,Eldon Rohan,ward@damore.io,South Shawnafort,9012 McKenzie River,1979-06-11,2017-12-26 11:34:17 UTC,2017-12-26 11:34:17 UTC
20,Breanna Lockman,howell.medhurst@schroeder.net,Bradfurt,577 Deon Mountain,1985-07-28,2017-12-26 11:34:18 UTC,2017-12-26 11:34:18 UTC
